asset_id,location,roi,cost,revenue,impressions,conversion_rate
ASSET_001,Store A,26.236203565420876,19260.714596148744,39279.7576724562,86820,2.9361118426546193
ASSET_002,Store B,19.67983561008608,5871.254182522992,44647.045830997406,54131,2.8572009075316447
ASSET_003,Store C,34.526654188465585,5846.173685406504,38879.95089067299,74925,3.274034664069657
ASSET_004,Store D,20.454749016213018,7751.0676478015075,22169.68971838151,38693,2.042397831318304
ASSET_005,Store E,15.691872751242473,12871.619903875837,25994.438868610217,28431,3.752867891211309
ASSET_006,Store F,25.99085529881075,11841.04976325554,41407.03845572055,77435,5.085406630481669
ASSET_007,Store G,32.772437065861276,5696.756190799966,34301.79407605754,90038,2.079589766959199
ASSET_008,Store H,43.266052670545584,13449.323267683088,25416.660101596644,33897,2.586032684038303
